{
  "model_type": "random_forest",
  "prediction_type": "regression",
  "features": [
    "returns",
    "log_returns",
    "sma_20",
    "sma_50",
    "ema_12",
    "ema_26",
    "rsi",
    "macd_line",
    "macd_signal",
    "macd_histogram",
    "bb_upper",
    "bb_middle",
    "bb_lower",
    "bb_bandwidth",
    "momentum_1d",
    "momentum_5d",
    "roc",
    "historical_volatility",
    "volatility_ratio",
    "volume_ratio",
    "obv",
    "atr"
  ],
  "metrics": {
    "train_mse": 9.505784144408297e-05,
    "test_mse": 0.0003862667480730381,
    "train_mae": 0.006105534001075264,
    "test_mae": 0.014523650702750438,
    "train_score": 0.999904942158556,
    "test_score": 0.9996137332519269,
    "train_direction_accuracy": 0.8970588235294118,
    "test_direction_accuracy": 0.5
  },
  "feature_importance": {
    "momentum_5d": 0.12523035612204264,
    "macd_line": 0.10089788771971599,
    "volume_ratio": 0.09562365698171182,
    "obv": 0.07756746580429173,
    "roc": 0.07081407556637992,
    "macd_histogram": 0.061362830984681045,
    "rsi": 0.05397864192324879,
    "ema_12": 0.04731289261910607,
    "momentum_1d": 0.04358325804316879,
    "macd_signal": 0.03891532249626556,
    "log_returns": 0.03490704687751324,
    "ema_26": 0.03314397713441916,
    "returns": 0.031237838658668787,
    "atr": 0.025403728012899647,
    "bb_bandwidth": 0.0251144074138724,
    "bb_lower": 0.021669175585018095,
    "bb_upper": 0.02147946927128497,
    "bb_middle": 0.02107817747710196,
    "volatility_ratio": 0.02012548625147429,
    "sma_20": 0.019121587583890078,
    "sma_50": 0.018396834489985487,
    "historical_volatility": 0.013035882983259537
  },
  "trained_at": "2025-08-29T01:32:44.067478",
  "n_train_samples": 136,
  "n_test_samples": 34
}