{
  "model_type": "xgboost",
  "prediction_type": "regression",
  "features": [
    "returns",
    "log_returns",
    "sma_20",
    "sma_50",
    "ema_12",
    "ema_26",
    "rsi",
    "macd_line",
    "macd_signal",
    "macd_histogram",
    "bb_upper",
    "bb_middle",
    "bb_lower",
    "bb_bandwidth",
    "momentum_1d",
    "momentum_5d",
    "roc",
    "historical_volatility",
    "volatility_ratio",
    "volume_ratio",
    "obv",
    "atr"
  ],
  "metrics": {
    "train_mse": 4.679861116747823e-07,
    "test_mse": 0.0007406111452940676,
    "train_mae": 0.0005226537994659081,
    "test_mae": 0.018448780788951083,
    "train_score": 0.9999995320138884,
    "test_score": 0.9992593888547059,
    "train_direction_accuracy": 1.0,
    "test_direction_accuracy": 0.5882352941176471
  },
  "feature_importance": {
    "macd_line": 0.2728232443332672,
    "volume_ratio": 0.10350706428289413,
    "obv": 0.09134092181921005,
    "macd_signal": 0.07323992252349854,
    "ema_12": 0.06028709560632706,
    "sma_20": 0.05569114163517952,
    "bb_lower": 0.04964645951986313,
    "momentum_5d": 0.04144998639822006,
    "sma_50": 0.04034683480858803,
    "bb_upper": 0.03542158007621765,
    "atr": 0.03155599161982536,
    "roc": 0.028771597892045975,
    "bb_bandwidth": 0.024348432198166847,
    "macd_histogram": 0.02062135748565197,
    "returns": 0.020597007125616074,
    "rsi": 0.018626626580953598,
    "ema_26": 0.016574420034885406,
    "historical_volatility": 0.009319808334112167,
    "volatility_ratio": 0.0058305151760578156,
    "log_returns": 0.0,
    "bb_middle": 0.0,
    "momentum_1d": 0.0
  },
  "trained_at": "2025-08-29T01:32:44.169040",
  "n_train_samples": 136,
  "n_test_samples": 34
}